1569783082.57,-0.04285714403,-0.37142857909
1569783082.63,-0.04285714403,-0.38571429253
1569783082.76,-0.04285714403,-0.40000000596
1569783082.90,-0.04285714403,-0.40000000596
1569783082.96,-0.04285714403,-0.40000000596
1569783083.11,-0.04285714403,-0.40000000596
1569783083.24,-0.04285714403,-0.40000000596
1569783083.36,-0.04285714403,-0.40000000596
1569783083.44,-0.04285714403,-0.40000000596
1569783083.56,-0.02857142873,-0.40000000596
1569783083.63,0.01428571437,-0.40000000596
1569783083.78,0.02857142873,-0.40000000596
1569783083.90,0.02857142873,-0.40000000596
1569783083.97,0.02857142873,-0.40000000596
1569783084.03,0.02857142873,-0.40000000596
1569783084.16,0.02857142873,-0.40000000596
1569783084.30,0.02857142873,-0.40000000596
1569783084.36,0.02857142873,-0.40000000596
1569783084.50,0.02857142873,-0.40000000596
1569783084.63,0.02857142873,-0.40000000596
1569783084.77,0.02857142873,-0.40000000596
1569783084.83,0.04285714403,-0.40000000596
1569783084.90,0.07142857462,-0.40000000596
1569783085.03,0.08571428806,-0.40000000596
1569783085.10,0.10000000149,-0.40000000596
1569783085.23,0.10000000149,-0.40000000596
1569783085.44,0.10000000149,-0.40000000596
1569783085.44,0.10000000149,-0.40000000596
1569783085.56,0.10000000149,-0.40000000596
1569783085.63,0.10000000149,-0.40000000596
1569783085.76,0.10000000149,-0.40000000596
1569783085.90,0.10000000149,-0.40000000596
1569783085.97,0.08571428806,-0.40000000596
1569783086.03,0.07142857462,-0.40000000596
1569783086.16,0.07142857462,-0.40000000596
1569783086.30,0.07142857462,-0.40000000596
1569783086.43,0.07142857462,-0.40000000596
1569783086.57,0.05714285746,-0.40000000596
1569783086.57,0.01428571437,-0.40000000596
1569783086.70,-0.02857142873,-0.40000000596
1569783086.83,-0.08571428806,-0.40000000596
1569783086.90,-0.08571428806,-0.40000000596
1569783087.03,-0.08571428806,-0.40000000596
1569783087.17,-0.08571428806,-0.40000000596
1569783087.23,-0.00000000000,-0.40000000596
1569783087.36,0.07142857462,-0.40000000596
1569783087.43,0.07142857462,-0.35714286566
1569783087.56,0.07142857462,-0.31428572535
1569783087.63,0.07142857462,-0.30000001192
1569783087.76,0.07142857462,-0.28571429849
1569783087.90,0.07142857462,-0.27142858505
1569783087.97,-0.00000000000,-0.27142858505
1569783088.10,-0.07142857462,-0.27142858505
1569783088.17,-0.10000000149,-0.27142858505
1569783088.30,-0.14285714924,-0.28571429849
1569783088.43,-0.14285714924,-0.28571429849
1569783088.50,-0.15714286268,-0.31428572535
1569783088.63,-0.15714286268,-0.37142857909
1569783088.76,-0.15714286268,-0.40000000596
1569783088.83,-0.15714286268,-0.41428571939
1569783088.96,-0.15714286268,-0.41428571939
1569783089.03,-0.15714286268,-0.41428571939
1569783089.17,-0.15714286268,-0.41428571939
1569783089.29,-0.18571428955,-0.41428571939
1569783089.36,-0.20000000298,-0.41428571939
1569783089.50,-0.20000000298,-0.41428571939
1569783089.56,-0.17142857611,-0.41428571939
1569783089.70,-0.15714286268,-0.40000000596
1569783089.76,-0.14285714924,-0.40000000596
1569783089.89,-0.07142857462,-0.40000000596
1569783090.03,0.02857142873,-0.38571429253
1569783090.09,0.05714285746,-0.37142857909
1569783090.23,0.05714285746,-0.37142857909
1569783090.37,0.02857142873,-0.37142857909
1569783090.45,0.02857142873,-0.37142857909
1569783090.50,0.02857142873,-0.37142857909
1569783090.63,0.02857142873,-0.37142857909
1569783090.76,0.02857142873,-0.37142857909
1569783090.83,0.02857142873,-0.37142857909
1569783090.97,0.02857142873,-0.37142857909
1569783091.03,0.02857142873,-0.37142857909
1569783091.16,0.02857142873,-0.37142857909
1569783091.29,0.02857142873,-0.37142857909
1569783091.37,0.02857142873,-0.37142857909
1569783091.50,0.02857142873,-0.37142857909
1569783091.56,0.02857142873,-0.37142857909
1569783091.69,0.02857142873,-0.37142857909
1569783091.85,0.02857142873,-0.37142857909
1569783091.89,0.02857142873,-0.37142857909
1569783092.03,0.02857142873,-0.37142857909
1569783092.10,0.02857142873,-0.37142857909
1569783092.23,0.02857142873,-0.37142857909
1569783092.37,0.02857142873,-0.37142857909
1569783092.43,0.02857142873,-0.37142857909
1569783092.57,0.01428571437,-0.37142857909
1569783092.70,-0.02857142873,-0.37142857909
1569783092.77,-0.04285714403,-0.37142857909
1569783092.83,-0.05714285746,-0.37142857909
1569783092.97,-0.05714285746,-0.37142857909
1569783093.03,-0.05714285746,-0.37142857909
1569783093.16,-0.07142857462,-0.37142857909
1569783093.29,-0.07142857462,-0.37142857909
1569783093.36,-0.07142857462,-0.37142857909
1569783093.49,-0.07142857462,-0.37142857909
1569783093.57,-0.04285714403,-0.37142857909
1569783093.69,-0.01428571437,-0.37142857909
1569783093.83,-0.00000000000,-0.37142857909
1569783093.89,-0.00000000000,-0.37142857909
1569783094.03,-0.00000000000,-0.37142857909
1569783094.09,-0.00000000000,-0.37142857909
1569783094.23,-0.00000000000,-0.37142857909
1569783094.30,-0.00000000000,-0.37142857909
1569783094.44,-0.00000000000,-0.37142857909
1569783094.56,-0.00000000000,-0.37142857909
1569783094.63,-0.00000000000,-0.37142857909
1569783094.76,-0.00000000000,-0.37142857909
1569783094.83,-0.00000000000,-0.37142857909
1569783095.03,-0.00000000000,-0.37142857909
1569783095.03,-0.00000000000,-0.37142857909
1569783095.16,-0.00000000000,-0.37142857909
1569783095.43,-0.00000000000,-0.37142857909
1569783095.43,0.01428571437,-0.37142857909
1569783095.50,0.01428571437,-0.37142857909
1569783095.63,0.01428571437,-0.37142857909
1569783095.69,0.01428571437,-0.37142857909
1569783095.83,0.01428571437,-0.37142857909
1569783095.90,0.01428571437,-0.37142857909
1569783096.03,0.01428571437,-0.37142857909
1569783096.10,0.01428571437,-0.37142857909
1569783096.23,0.02857142873,-0.37142857909
1569783096.36,0.04285714403,-0.37142857909
1569783096.49,0.04285714403,-0.37142857909
1569783096.56,0.04285714403,-0.37142857909
1569783096.70,0.04285714403,-0.37142857909
1569783096.83,0.04285714403,-0.37142857909
1569783096.89,0.04285714403,-0.37142857909
1569783096.98,0.04285714403,-0.37142857909
1569783097.11,0.04285714403,-0.37142857909
1569783097.23,0.04285714403,-0.37142857909
1569783097.31,0.04285714403,-0.37142857909
1569783097.43,0.04285714403,-0.37142857909
1569783097.50,0.04285714403,-0.37142857909
1569783097.63,0.04285714403,-0.37142857909
1569783097.77,0.04285714403,-0.37142857909
1569783097.83,0.07142857462,-0.37142857909
1569783097.96,0.11428571492,-0.37142857909
1569783098.10,0.12857143581,-0.37142857909
1569783098.17,0.12857143581,-0.37142857909
1569783098.23,0.12857143581,-0.37142857909
1569783098.36,0.12857143581,-0.37142857909
1569783098.43,-0.00000000000,-0.00000000000
1569783098.83,-0.00000000000,-0.00000000000
1569783098.97,-0.00000000000,-0.00000000000
1569783099.10,-0.00000000000,-0.00000000000
1569783099.23,-0.00000000000,-0.00000000000
1569783099.36,0.15714286268,-0.20000000298
1569783099.49,0.25714287162,-0.25714287162
1569783099.64,0.28571429849,-0.28571429849
1569783099.76,0.30000001192,-0.30000001192
1569783099.89,0.34285715222,-0.31428572535
1569783100.03,0.38571429253,-0.31428572535
1569783100.16,0.41428571939,-0.31428572535
1569783100.30,0.41428571939,-0.31428572535
1569783100.43,0.42857143283,-0.37142857909
1569783100.56,0.44285714626,-0.42857143283
1569783100.70,0.44285714626,-0.44285714626
1569783100.83,0.45714285970,-0.44285714626
1569783100.97,0.47142857313,-0.45714285970
1569783101.11,0.48571428657,-0.45714285970
1569783101.23,0.50000000000,-0.45714285970
1569783101.36,0.50000000000,-0.45714285970
1569783101.49,0.50000000000,-0.45714285970
1569783101.63,0.48571428657,-0.45714285970
1569783101.76,0.42857143283,-0.47142857313
1569783101.89,0.41428571939,-0.48571428657
1569783102.03,0.41428571939,-0.48571428657
1569783102.16,0.37142857909,-0.48571428657
1569783102.30,0.28571429849,-0.50000000000
1569783102.44,0.11428571492,-0.50000000000
1569783102.57,-0.04285714403,-0.50000000000
1569783102.69,-0.18571428955,-0.50000000000
1569783102.84,-0.34285715222,-0.50000000000
1569783102.96,-0.35714286566,-0.50000000000
1569783103.09,-0.35714286566,-0.48571428657
1569783103.22,-0.35714286566,-0.48571428657
1569783103.37,-0.34285715222,-0.48571428657
1569783103.49,-0.22857142985,-0.48571428657
1569783103.63,-0.21428571641,-0.48571428657
1569783103.76,-0.21428571641,-0.48571428657
1569783103.90,0.02857142873,-0.48571428657
1569783104.02,0.12857143581,-0.48571428657
1569783104.16,0.12857143581,-0.48571428657
1569783104.29,0.02857142873,-0.50000000000
1569783104.43,-0.05714285746,-0.50000000000
1569783104.56,-0.07142857462,-0.50000000000
1569783104.69,-0.05714285746,-0.50000000000
1569783104.83,0.01428571437,-0.50000000000
1569783104.96,0.05714285746,-0.41428571939
1569783105.09,0.07142857462,-0.37142857909
1569783105.22,0.07142857462,-0.35714286566
1569783105.36,0.07142857462,-0.35714286566
1569783105.49,0.07142857462,-0.35714286566
1569783105.62,0.07142857462,-0.35714286566
1569783105.77,-0.04285714403,-0.42857143283
1569783105.89,-0.15714286268,-0.45714285970
1569783106.02,-0.15714286268,-0.45714285970
1569783106.16,-0.15714286268,-0.45714285970
1569783106.30,-0.15714286268,-0.45714285970
1569783106.42,-0.14285714924,-0.45714285970
1569783106.56,-0.14285714924,-0.45714285970
1569783106.70,-0.14285714924,-0.45714285970
1569783106.83,-0.14285714924,-0.45714285970
1569783106.97,-0.14285714924,-0.45714285970
1569783107.09,-0.14285714924,-0.45714285970
1569783107.23,-0.14285714924,-0.45714285970
1569783107.37,-0.14285714924,-0.45714285970
1569783107.42,-0.11428571492,-0.45714285970
1569783107.56,-0.07142857462,-0.45714285970
1569783107.70,-0.02857142873,-0.45714285970
1569783107.76,0.01428571437,-0.45714285970
1569783107.82,0.08571428806,-0.45714285970
1569783107.97,0.15714286268,-0.45714285970
1569783108.02,0.18571428955,-0.45714285970
1569783108.16,0.18571428955,-0.45714285970
1569783108.29,0.18571428955,-0.45714285970
1569783108.43,0.20000000298,-0.45714285970
1569783108.49,0.20000000298,-0.45714285970
1569783108.56,0.20000000298,-0.45714285970
1569783108.69,0.20000000298,-0.45714285970
1569783108.82,0.20000000298,-0.45714285970
1569783108.89,0.20000000298,-0.45714285970
1569783109.02,0.20000000298,-0.45714285970
1569783109.16,0.12857143581,-0.47142857313
1569783109.22,0.04285714403,-0.48571428657
1569783109.29,0.02857142873,-0.48571428657
1569783109.43,0.02857142873,-0.48571428657
1569783109.56,0.02857142873,-0.48571428657
1569783109.62,0.02857142873,-0.48571428657
1569783109.76,0.02857142873,-0.48571428657
1569783109.82,0.02857142873,-0.48571428657
1569783109.96,0.02857142873,-0.48571428657
1569783110.09,0.02857142873,-0.48571428657
1569783110.16,0.02857142873,-0.48571428657
1569783110.29,0.04285714403,-0.47142857313
1569783110.50,0.04285714403,-0.40000000596
1569783110.50,0.04285714403,-0.37142857909
1569783110.56,0.04285714403,-0.34285715222
1569783110.69,0.04285714403,-0.32857143879
1569783110.82,0.04285714403,-0.32857143879
1569783110.90,0.04285714403,-0.32857143879
1569783111.02,-0.00000000000,-0.32857143879
1569783111.09,-0.05714285746,-0.37142857909
1569783111.23,-0.07142857462,-0.37142857909
1569783111.36,-0.07142857462,-0.37142857909
1569783111.42,-0.07142857462,-0.37142857909
1569783111.56,-0.07142857462,-0.37142857909
1569783111.70,-0.07142857462,-0.37142857909
1569783111.76,-0.07142857462,-0.37142857909
1569783111.89,-0.07142857462,-0.37142857909
1569783111.96,-0.07142857462,-0.37142857909
1569783112.09,-0.07142857462,-0.37142857909
1569783112.16,-0.07142857462,-0.37142857909
1569783112.30,-0.07142857462,-0.37142857909
1569783112.42,-0.07142857462,-0.38571429253
1569783112.49,-0.07142857462,-0.38571429253
1569783112.69,-0.07142857462,-0.38571429253
1569783112.69,-0.07142857462,-0.38571429253
1569783112.82,-0.07142857462,-0.38571429253
1569783112.96,-0.07142857462,-0.38571429253
1569783113.02,-0.07142857462,-0.38571429253
1569783113.16,-0.07142857462,-0.38571429253
1569783113.29,-0.07142857462,-0.38571429253
1569783113.36,-0.05714285746,-0.40000000596
1569783113.43,-0.01428571437,-0.40000000596
1569783113.56,0.02857142873,-0.40000000596
1569783113.70,0.02857142873,-0.40000000596
1569783113.76,0.02857142873,-0.40000000596
1569783113.89,0.02857142873,-0.40000000596
1569783114.03,0.02857142873,-0.40000000596
1569783114.09,0.02857142873,-0.40000000596
1569783114.22,0.02857142873,-0.40000000596
1569783114.36,0.02857142873,-0.40000000596
1569783114.43,0.02857142873,-0.40000000596
1569783114.56,0.02857142873,-0.40000000596
1569783114.64,0.04285714403,-0.40000000596
1569783114.76,0.05714285746,-0.40000000596
1569783114.82,0.05714285746,-0.40000000596
1569783114.96,0.05714285746,-0.40000000596
1569783115.02,0.05714285746,-0.40000000596
1569783115.15,0.05714285746,-0.40000000596
1569783115.29,0.05714285746,-0.40000000596
1569783115.57,0.05714285746,-0.40000000596
1569783115.57,0.05714285746,-0.40000000596
1569783115.62,0.05714285746,-0.40000000596
1569783115.69,0.05714285746,-0.40000000596
1569783115.76,0.05714285746,-0.40000000596
1569783115.89,0.05714285746,-0.40000000596
1569783116.02,0.05714285746,-0.40000000596
1569783116.16,0.05714285746,-0.40000000596
1569783116.22,0.05714285746,-0.40000000596
1569783116.35,0.05714285746,-0.40000000596
1569783116.42,0.05714285746,-0.40000000596
1569783116.56,0.05714285746,-0.40000000596
1569783116.63,0.05714285746,-0.40000000596
1569783116.76,0.05714285746,-0.40000000596
1569783116.89,0.05714285746,-0.40000000596
1569783116.96,0.05714285746,-0.40000000596
1569783117.09,0.05714285746,-0.40000000596
1569783117.15,0.05714285746,-0.40000000596
1569783117.29,0.05714285746,-0.40000000596
1569783117.42,0.05714285746,-0.40000000596
1569783117.49,0.05714285746,-0.40000000596
1569783117.62,0.05714285746,-0.40000000596
1569783117.69,0.05714285746,-0.40000000596
1569783117.82,0.05714285746,-0.40000000596
1569783117.96,0.05714285746,-0.40000000596
1569783118.03,0.05714285746,-0.40000000596
1569783118.16,0.05714285746,-0.40000000596
1569783118.22,0.05714285746,-0.40000000596
1569783118.35,0.05714285746,-0.40000000596
1569783118.42,0.05714285746,-0.40000000596
1569783118.55,0.05714285746,-0.40000000596
1569783118.69,0.05714285746,-0.40000000596
1569783118.76,0.05714285746,-0.40000000596
1569783118.90,0.05714285746,-0.40000000596
1569783118.95,0.05714285746,-0.40000000596
1569783119.09,0.05714285746,-0.38571429253
1569783119.22,0.05714285746,-0.38571429253
1569783119.29,0.05714285746,-0.35714286566
1569783119.42,0.05714285746,-0.32857143879
1569783119.49,0.05714285746,-0.31428572535
1569783119.63,0.04285714403,-0.31428572535
1569783119.76,-0.00000000000,-0.31428572535
1569783119.83,-0.04285714403,-0.31428572535
1569783119.95,-0.10000000149,-0.32857143879
1569783120.02,-0.18571428955,-0.37142857909
1569783120.15,-0.28571429849,-0.38571429253
1569783120.29,-0.34285715222,-0.38571429253
1569783120.36,-0.40000000596,-0.40000000596
1569783120.56,-0.44285714626,-0.40000000596
1569783120.56,-0.44285714626,-0.40000000596
1569783120.70,-0.50000000000,-0.41428571939
1569783120.83,-0.55714285374,-0.41428571939
1569783121.02,-0.98571425676,-0.31428572535
1569783121.02,-0.75714284182,-0.41428571939
1569783121.15,-1.00000000000,-0.24285714328
1569783121.36,-1.00000000000,-0.15714286268
1569783121.36,-1.00000000000,-0.10000000149
1569783121.49,-1.00000000000,-0.08571428806
1569783121.62,-1.00000000000,-0.08571428806
1569783121.62,-1.00000000000,-0.08571428806
1569783121.76,-1.00000000000,-0.15714286268
1569783121.95,-1.00000000000,-0.25714287162
1569783122.03,-1.00000000000,-0.30000001192
1569783122.16,-1.00000000000,-0.35714286566
1569783122.16,-1.00000000000,-0.45714285970
1569783122.35,-1.00000000000,-0.50000000000
1569783122.52,-1.00000000000,-0.50000000000
1569783122.59,-1.00000000000,-0.50000000000
1569783122.67,-1.00000000000,-0.50000000000
1569783122.67,-1.00000000000,-0.50000000000
1569783122.85,-1.00000000000,-0.50000000000
1569783123.05,-1.00000000000,-0.50000000000
1569783123.05,-1.00000000000,-0.50000000000
1569783123.14,-1.00000000000,-0.50000000000
1569783123.40,-1.00000000000,-0.50000000000
1569783123.40,-1.00000000000,-0.50000000000
1569783123.59,-1.00000000000,-0.50000000000
1569783123.59,-0.82857143879,-0.50000000000
1569783123.66,-0.81428569555,-0.50000000000
1569783123.85,-0.02857142873,-0.50000000000
1569783123.85,-0.51428574324,-0.50000000000
1569783123.94,0.55714285374,-0.50000000000
1569783123.99,0.89999997616,-0.50000000000
1569783124.12,1.00000000000,-0.50000000000
1569783124.19,1.00000000000,-0.41428571939
1569783124.32,1.00000000000,-0.45714285970
1569783124.46,1.00000000000,-0.50000000000
1569783124.53,1.00000000000,-0.50000000000
1569783124.67,1.00000000000,-0.50000000000
1569783124.72,0.54285717011,-0.50000000000
1569783124.85,-0.18571428955,-0.50000000000
1569783124.92,-0.55714285374,-0.50000000000
1569783125.05,-0.67142856121,-0.50000000000
1569783125.12,-0.68571430445,-0.50000000000
1569783125.25,-0.60000002384,-0.50000000000
1569783125.32,0.04285714403,-0.50000000000
1569783125.59,0.52857142687,-0.50000000000
1569783125.65,0.92857140303,-0.50000000000
1569783125.73,1.00000000000,-0.50000000000
1569783125.79,1.00000000000,-0.50000000000
1569783125.85,1.00000000000,-0.50000000000
1569783125.99,1.00000000000,-0.50000000000
1569783126.12,0.45714285970,-0.50000000000
1569783126.19,0.02857142873,-0.50000000000
1569783126.32,-0.10000000149,-0.50000000000
1569783126.39,-0.20000000298,-0.50000000000
1569783126.52,-0.20000000298,-0.50000000000
1569783126.65,-0.21428571641,-0.50000000000
1569783126.72,-0.21428571641,-0.50000000000
1569783126.86,-0.21428571641,-0.50000000000
1569783126.92,-0.21428571641,-0.50000000000
1569783127.05,-0.22857142985,-0.50000000000
1569783127.13,-0.22857142985,-0.50000000000
1569783127.25,-0.14285714924,-0.50000000000
1569783127.32,-0.07142857462,-0.50000000000
1569783127.52,-0.02857142873,-0.50000000000
1569783127.59,0.01428571437,-0.50000000000
1569783127.72,0.04285714403,-0.50000000000
1569783127.80,0.04285714403,-0.50000000000
1569783127.85,-0.00000000000,-0.50000000000
1569783128.05,-0.00000000000,-0.50000000000
1569783128.46,-0.00000000000,-0.50000000000
1569783128.59,-0.00000000000,-0.50000000000
1569783128.59,-0.05714285746,-0.50000000000
1569783128.59,-0.10000000149,-0.50000000000
1569783128.59,-0.10000000149,-0.50000000000
1569783128.66,-0.10000000149,-0.44285714626
1569783128.73,-0.10000000149,-0.42857143283
1569783128.79,-0.05714285746,-0.38571429253
1569783128.92,-0.04285714403,-0.35714286566
1569783129.05,-0.04285714403,-0.35714286566
1569783129.12,-0.02857142873,-0.35714286566
1569783129.25,-0.01428571437,-0.35714286566
1569783129.32,-0.00000000000,-0.38571429253
1569783129.45,-0.00000000000,-0.50000000000
1569783129.59,-0.00000000000,-0.50000000000
1569783129.65,-0.00000000000,-0.50000000000
1569783129.79,-0.00000000000,-0.50000000000
1569783129.85,-0.00000000000,-0.50000000000
1569783129.99,-0.00000000000,-0.32857143879
1569783130.05,0.01428571437,-0.21428571641
1569783130.20,0.01428571437,-0.21428571641
1569783130.26,0.01428571437,-0.21428571641
1569783130.39,0.01428571437,-0.21428571641
1569783130.65,0.01428571437,-0.22857142985
1569783130.65,0.01428571437,-0.25714287162
1569783130.72,0.01428571437,-0.27142858505
1569783130.78,0.01428571437,-0.27142858505
1569783130.92,0.01428571437,-0.27142858505
1569783131.05,0.01428571437,-0.27142858505
1569783131.12,0.01428571437,-0.28571429849
1569783131.25,0.01428571437,-0.31428572535
1569783131.32,0.01428571437,-0.31428572535
1569783131.45,0.01428571437,-0.35714286566
1569783131.60,0.01428571437,-0.35714286566
1569783131.66,0.01428571437,-0.35714286566
1569783131.79,0.01428571437,-0.35714286566
1569783131.85,0.01428571437,-0.35714286566
1569783131.99,0.01428571437,-0.35714286566
1569783132.12,0.01428571437,-0.35714286566
1569783132.19,0.01428571437,-0.35714286566
1569783132.25,0.01428571437,-0.35714286566
1569783132.40,0.01428571437,-0.35714286566
1569783132.53,0.01428571437,-0.35714286566
1569783132.65,0.01428571437,-0.35714286566
1569783132.72,0.01428571437,-0.35714286566
1569783132.85,0.01428571437,-0.35714286566
1569783132.94,0.01428571437,-0.35714286566
1569783133.05,-0.00000000000,-0.37142857909
1569783133.19,-0.00000000000,-0.40000000596
1569783133.26,-0.00000000000,-0.44285714626
1569783133.39,-0.01428571437,-0.47142857313
1569783133.46,-0.01428571437,-0.48571428657
1569783133.59,-0.01428571437,-0.48571428657
1569783133.72,-0.01428571437,-0.48571428657
1569783133.79,-0.01428571437,-0.47142857313
1569783133.86,-0.01428571437,-0.45714285970
1569783133.99,-0.01428571437,-0.45714285970
1569783134.12,-0.01428571437,-0.44285714626
1569783134.18,-0.01428571437,-0.44285714626
1569783134.32,-0.01428571437,-0.44285714626
1569783134.39,-0.00000000000,-0.44285714626
1569783134.52,-0.00000000000,-0.44285714626
1569783134.65,-0.00000000000,-0.44285714626
1569783134.73,-0.00000000000,-0.44285714626
1569783134.85,-0.00000000000,-0.44285714626
1569783134.92,-0.00000000000,-0.44285714626
1569783135.06,-0.00000000000,-0.44285714626
1569783135.26,-0.00000000000,-0.44285714626
1569783135.26,-0.00000000000,-0.44285714626
1569783135.39,-0.00000000000,-0.44285714626
1569783135.65,0.02857142873,-0.44285714626
1569783135.65,0.11428571492,-0.42857143283
1569783135.72,0.14285714924,-0.42857143283
1569783135.80,0.14285714924,-0.42857143283
1569783135.92,0.14285714924,-0.42857143283
1569783135.99,0.14285714924,-0.42857143283
1569783136.12,0.15714286268,-0.42857143283
1569783136.18,0.15714286268,-0.42857143283
1569783136.32,0.14285714924,-0.42857143283
1569783136.39,0.14285714924,-0.41428571939
1569783136.52,0.14285714924,-0.41428571939
1569783136.65,0.14285714924,-0.37142857909
1569783136.79,0.14285714924,-0.30000001192
1569783136.86,0.14285714924,-0.27142858505
1569783136.92,0.14285714924,-0.27142858505
1569783137.05,0.14285714924,-0.27142858505
1569783137.12,0.14285714924,-0.27142858505
1569783137.32,0.12857143581,-0.31428572535
1569783137.45,0.10000000149,-0.35714286566
1569783137.53,0.10000000149,-0.35714286566
1569783137.66,0.10000000149,-0.35714286566
1569783137.66,0.10000000149,-0.35714286566
1569783137.79,0.10000000149,-0.35714286566
1569783138.00,0.10000000149,-0.35714286566
1569783138.00,0.10000000149,-0.35714286566
1569783138.12,0.08571428806,-0.35714286566
1569783138.25,0.07142857462,-0.35714286566
1569783138.34,0.07142857462,-0.35714286566
1569783138.46,0.07142857462,-0.35714286566
1569783138.65,0.05714285746,-0.38571429253
1569783138.65,0.07142857462,-0.35714286566
1569783138.78,0.04285714403,-0.41428571939
1569783138.85,0.04285714403,-0.41428571939
1569783138.92,0.04285714403,-0.41428571939
1569783139.12,0.04285714403,-0.41428571939
1569783139.12,0.04285714403,-0.41428571939
1569783139.25,0.04285714403,-0.41428571939
1569783139.46,0.04285714403,-0.41428571939
1569783139.46,0.04285714403,-0.41428571939
1569783139.59,0.04285714403,-0.41428571939
1569783139.65,0.04285714403,-0.41428571939
1569783139.78,0.04285714403,-0.41428571939
1569783139.85,0.04285714403,-0.41428571939
1569783139.99,0.04285714403,-0.41428571939
1569783140.05,0.04285714403,-0.41428571939
1569783140.25,0.04285714403,-0.41428571939
1569783140.25,0.04285714403,-0.41428571939
1569783140.40,0.04285714403,-0.41428571939
1569783140.65,0.04285714403,-0.41428571939
1569783140.72,0.04285714403,-0.41428571939
1569783140.72,0.04285714403,-0.41428571939
1569783140.85,0.04285714403,-0.41428571939
1569783140.93,0.04285714403,-0.41428571939
1569783141.06,0.04285714403,-0.41428571939
1569783141.25,0.04285714403,-0.41428571939
1569783141.65,0.04285714403,-0.41428571939
1569783141.79,0.04285714403,-0.41428571939
1569783141.85,0.04285714403,-0.41428571939
1569783141.85,0.04285714403,-0.41428571939
1569783141.92,0.04285714403,-0.41428571939
1569783141.92,0.04285714403,-0.41428571939
1569783141.98,0.04285714403,-0.41428571939
1569783141.98,0.05714285746,-0.41428571939
1569783142.05,0.05714285746,-0.41428571939
1569783142.18,0.05714285746,-0.41428571939
1569783142.25,0.05714285746,-0.41428571939
1569783142.39,0.05714285746,-0.41428571939
1569783142.52,0.05714285746,-0.41428571939
1569783142.58,0.05714285746,-0.41428571939
1569783142.72,0.05714285746,-0.41428571939
1569783142.85,0.05714285746,-0.41428571939
1569783142.92,0.05714285746,-0.40000000596
1569783143.06,0.05714285746,-0.40000000596
1569783143.19,0.05714285746,-0.40000000596
1569783143.25,0.05714285746,-0.40000000596
1569783143.32,0.05714285746,-0.40000000596
1569783143.45,0.05714285746,-0.40000000596
1569783143.73,0.05714285746,-0.40000000596
1569783143.73,0.05714285746,-0.40000000596
1569783143.78,0.05714285746,-0.40000000596
1569783143.85,0.07142857462,-0.40000000596
1569783143.98,0.08571428806,-0.40000000596
1569783144.12,0.08571428806,-0.40000000596
1569783144.18,0.08571428806,-0.40000000596
1569783144.32,0.08571428806,-0.40000000596
1569783144.38,0.08571428806,-0.40000000596
1569783144.52,0.08571428806,-0.40000000596
1569783144.65,0.08571428806,-0.40000000596
1569783144.72,0.08571428806,-0.40000000596
1569783144.85,0.08571428806,-0.40000000596
1569783144.92,0.08571428806,-0.40000000596
1569783145.05,0.08571428806,-0.40000000596
1569783145.11,0.08571428806,-0.40000000596
1569783145.25,0.08571428806,-0.40000000596
1569783145.45,0.08571428806,-0.40000000596
1569783145.45,0.08571428806,-0.40000000596
1569783145.65,0.07142857462,-0.40000000596
1569783145.65,0.07142857462,-0.40000000596
1569783145.78,0.07142857462,-0.40000000596
1569783145.92,0.07142857462,-0.40000000596
1569783145.98,0.07142857462,-0.40000000596
1569783146.12,0.07142857462,-0.40000000596
1569783146.18,0.07142857462,-0.40000000596
1569783146.31,0.07142857462,-0.40000000596
1569783146.38,0.07142857462,-0.40000000596
1569783146.52,0.07142857462,-0.40000000596
1569783146.73,0.07142857462,-0.40000000596
1569783146.73,0.04285714403,-0.40000000596
1569783146.78,0.04285714403,-0.40000000596
1569783146.91,0.04285714403,-0.40000000596
1569783147.05,0.04285714403,-0.40000000596
1569783147.12,0.04285714403,-0.40000000596
1569783147.25,0.04285714403,-0.40000000596
1569783147.39,0.04285714403,-0.40000000596
1569783147.51,0.02857142873,-0.40000000596
1569783147.58,-0.00000000000,-0.40000000596
1569783147.72,-0.02857142873,-0.40000000596
1569783147.78,-0.02857142873,-0.40000000596
1569783147.85,-0.02857142873,-0.40000000596
1569783148.05,-0.02857142873,-0.40000000596
1569783148.12,-0.02857142873,-0.40000000596
1569783148.18,-0.02857142873,-0.40000000596
1569783148.31,-0.04285714403,-0.40000000596
1569783148.45,-0.05714285746,-0.41428571939
1569783148.59,-0.05714285746,-0.41428571939
1569783148.59,-0.05714285746,-0.41428571939
1569783148.72,-0.05714285746,-0.41428571939
1569783148.85,-0.05714285746,-0.41428571939
1569783148.92,-0.05714285746,-0.41428571939
1569783149.05,-0.05714285746,-0.41428571939
1569783149.18,-0.05714285746,-0.41428571939
1569783149.31,-0.05714285746,-0.41428571939
1569783149.45,-0.07142857462,-0.41428571939
1569783149.45,-0.07142857462,-0.42857143283
1569783149.58,-0.08571428806,-0.42857143283
1569783149.72,-0.08571428806,-0.42857143283
1569783149.78,-0.08571428806,-0.42857143283
1569783149.99,-0.08571428806,-0.42857143283
1569783149.99,-0.08571428806,-0.42857143283
1569783150.11,-0.08571428806,-0.42857143283
1569783150.18,0.10000000149,-0.40000000596
1569783150.32,0.14285714924,-0.40000000596
1569783150.45,0.14285714924,-0.40000000596
1569783150.65,0.12857143581,-0.40000000596
1569783150.65,0.14285714924,-0.40000000596
1569783150.79,0.08571428806,-0.40000000596
1569783150.85,0.02857142873,-0.40000000596
1569783150.98,0.01428571437,-0.40000000596
1569783151.05,0.01428571437,-0.40000000596
1569783151.18,0.01428571437,-0.40000000596
1569783151.32,0.01428571437,-0.40000000596
1569783151.39,0.01428571437,-0.40000000596
1569783151.51,-0.00000000000,-0.40000000596
1569783151.58,-0.00000000000,-0.40000000596
1569783151.65,-0.00000000000,-0.40000000596
1569783151.78,-0.00000000000,-0.40000000596
1569783151.91,-0.00000000000,-0.40000000596
1569783151.99,-0.00000000000,-0.40000000596
1569783152.12,-0.00000000000,-0.40000000596
1569783152.18,-0.05714285746,-0.41428571939
1569783152.32,-0.08571428806,-0.42857143283
1569783152.45,-0.08571428806,-0.42857143283
1569783152.58,-0.08571428806,-0.42857143283
1569783152.71,-0.08571428806,-0.42857143283
1569783152.78,-0.08571428806,-0.42857143283
1569783152.85,-0.08571428806,-0.42857143283
1569783152.98,-0.07142857462,-0.42857143283
1569783153.05,-0.00000000000,-0.42857143283
1569783153.19,-0.00000000000,-0.42857143283
1569783153.25,-0.00000000000,-0.42857143283
1569783153.38,-0.00000000000,-0.42857143283
1569783153.51,-0.00000000000,-0.42857143283
1569783153.58,-0.00000000000,-0.42857143283
1569783153.72,-0.00000000000,-0.42857143283
1569783153.78,-0.00000000000,-0.42857143283
1569783153.92,0.05714285746,-0.42857143283
1569783153.98,0.10000000149,-0.40000000596
1569783154.11,0.11428571492,-0.40000000596
1569783154.18,0.12857143581,-0.40000000596
1569783154.31,0.08571428806,-0.40000000596
1569783154.45,0.01428571437,-0.40000000596
1569783154.52,-0.02857142873,-0.40000000596
1569783154.65,-0.02857142873,-0.40000000596
1569783154.78,-0.02857142873,-0.40000000596
1569783154.85,-0.02857142873,-0.40000000596
1569783154.98,-0.01428571437,-0.40000000596
1569783155.05,0.04285714403,-0.40000000596
1569783155.11,0.05714285746,-0.40000000596
1569783155.25,0.05714285746,-0.40000000596
1569783155.39,0.05714285746,-0.40000000596
1569783155.45,0.05714285746,-0.40000000596
1569783155.65,0.05714285746,-0.40000000596
1569783155.71,0.05714285746,-0.38571429253
1569783155.78,0.05714285746,-0.38571429253
1569783155.93,0.05714285746,-0.38571429253
1569783155.98,0.05714285746,-0.38571429253
1569783156.18,0.05714285746,-0.38571429253
1569783156.26,0.05714285746,-0.38571429253
1569783156.32,0.05714285746,-0.38571429253
1569783156.45,0.05714285746,-0.38571429253
1569783156.51,0.05714285746,-0.38571429253
1569783156.65,0.05714285746,-0.38571429253
1569783156.71,0.05714285746,-0.38571429253
1569783156.85,0.05714285746,-0.38571429253
1569783156.98,0.05714285746,-0.38571429253
1569783157.38,0.05714285746,-0.38571429253
1569783157.51,0.05714285746,-0.38571429253
1569783157.65,0.05714285746,-0.38571429253
1569783157.78,0.05714285746,-0.38571429253
1569783157.91,0.05714285746,-0.38571429253
1569783158.06,0.05714285746,-0.40000000596
1569783158.18,0.04285714403,-0.41428571939
1569783158.25,0.04285714403,-0.41428571939
1569783158.25,0.04285714403,-0.40000000596
1569783158.25,0.04285714403,-0.34285715222
1569783158.31,0.05714285746,-0.25714287162
1569783158.71,0.05714285746,-0.25714287162
1569783158.84,0.05714285746,-0.24285714328
1569783158.98,0.07142857462,-0.15714286268
1569783159.11,0.08571428806,-0.08571428806
1569783159.25,0.08571428806,-0.08571428806
1569783159.32,0.08571428806,-0.08571428806
1569783159.32,0.08571428806,-0.08571428806
1569783159.38,0.08571428806,-0.08571428806
1569783159.38,0.08571428806,-0.08571428806
1569783159.38,0.08571428806,-0.08571428806
1569783159.45,0.08571428806,-0.08571428806
1569783159.45,0.08571428806,-0.08571428806
1569783159.45,0.08571428806,-0.08571428806
1569783159.65,0.08571428806,-0.08571428806
1569783160.05,0.08571428806,-0.08571428806
1569783160.18,0.08571428806,-0.08571428806
1569783160.31,0.08571428806,-0.08571428806
1569783160.45,0.08571428806,-0.08571428806
1569783160.58,0.08571428806,-0.08571428806
1569783160.71,0.08571428806,-0.08571428806
1569783160.85,0.08571428806,-0.08571428806
1569783160.99,0.08571428806,-0.08571428806
1569783161.12,0.08571428806,-0.08571428806
1569783161.12,0.08571428806,-0.08571428806
1569783161.18,0.08571428806,-0.08571428806
1569783161.25,0.08571428806,-0.08571428806
1569783161.25,0.08571428806,-0.08571428806
1569783161.25,0.08571428806,-0.08571428806
1569783161.31,0.08571428806,-0.08571428806
1569783161.39,0.08571428806,-0.08571428806
1569783161.51,0.08571428806,-0.08571428806
1569783161.65,0.08571428806,-0.08571428806
1569783161.65,0.08571428806,-0.10000000149
1569783161.85,0.08571428806,-0.10000000149
1569783161.85,0.08571428806,-0.10000000149
1569783162.05,0.08571428806,-0.10000000149
1569783162.18,0.08571428806,-0.10000000149
1569783162.18,0.08571428806,-0.10000000149
1569783162.39,0.08571428806,-0.11428571492
1569783162.39,0.08571428806,-0.11428571492
1569783162.45,0.08571428806,-0.12857143581
1569783162.65,0.08571428806,-0.12857143581
1569783162.65,0.08571428806,-0.12857143581
1569783162.98,0.08571428806,-0.12857143581
1569783162.98,0.08571428806,-0.12857143581
1569783162.98,0.08571428806,-0.12857143581
1569783163.18,0.08571428806,-0.12857143581
1569783163.18,0.08571428806,-0.12857143581
1569783163.39,0.08571428806,-0.12857143581
1569783163.39,0.08571428806,-0.12857143581
1569783163.44,0.08571428806,-0.12857143581
1569783163.58,0.08571428806,-0.12857143581
1569783163.66,0.08571428806,-0.12857143581
1569783163.78,0.08571428806,-0.12857143581
1569783163.84,0.08571428806,-0.12857143581
1569783163.98,0.08571428806,-0.12857143581
1569783164.12,0.08571428806,-0.12857143581
1569783164.24,0.08571428806,-0.12857143581
1569783164.31,0.08571428806,-0.12857143581
1569783164.38,0.08571428806,-0.12857143581
1569783164.51,0.08571428806,-0.12857143581
1569783164.66,0.08571428806,-0.12857143581
1569783164.71,0.08571428806,-0.12857143581
1569783164.91,0.08571428806,-0.12857143581
1569783164.91,0.08571428806,-0.12857143581
1569783165.05,0.08571428806,-0.12857143581
1569783165.19,0.08571428806,-0.12857143581
1569783165.24,0.08571428806,-0.12857143581
1569783165.44,0.08571428806,-0.12857143581
1569783165.44,0.08571428806,-0.14285714924
1569783165.58,0.08571428806,-0.17142857611
1569783165.71,0.08571428806,-0.18571428955
1569783165.80,0.08571428806,-0.22857142985
1569783165.93,0.08571428806,-0.24285714328
1569783166.04,0.08571428806,-0.24285714328
1569783166.11,0.08571428806,-0.24285714328
1569783166.18,0.08571428806,-0.30000001192
1569783166.31,0.08571428806,-0.32857143879
1569783166.45,0.08571428806,-0.34285715222
1569783166.51,0.08571428806,-0.34285715222
1569783166.98,0.08571428806,-0.35714286566
1569783167.12,0.08571428806,-0.40000000596
1569783167.25,0.08571428806,-0.40000000596
1569783167.25,0.08571428806,-0.44285714626
1569783167.25,0.08571428806,-0.50000000000
1569783167.25,0.08571428806,-0.50000000000
1569783167.31,0.08571428806,-0.50000000000
1569783167.39,0.08571428806,-0.50000000000
1569783167.44,0.08571428806,-0.50000000000
1569783167.58,0.08571428806,-0.50000000000
1569783167.71,0.10000000149,-0.50000000000
1569783167.78,0.17142857611,-0.50000000000
1569783167.84,0.21428571641,-0.50000000000
1569783167.98,0.25714287162,-0.50000000000
1569783168.11,0.27142858505,-0.50000000000
1569783168.24,0.27142858505,-0.50000000000
1569783168.31,0.27142858505,-0.50000000000
1569783168.45,0.27142858505,-0.50000000000
1569783168.51,0.27142858505,-0.50000000000
1569783168.64,0.27142858505,-0.50000000000
1569783168.78,0.30000001192,-0.50000000000
1569783168.85,0.30000001192,-0.50000000000
1569783168.98,0.30000001192,-0.50000000000
1569783169.12,0.30000001192,-0.50000000000
1569783169.18,0.30000001192,-0.50000000000
1569783169.24,0.25714287162,-0.50000000000
1569783169.38,0.11428571492,-0.50000000000
1569783169.44,-0.08571428806,-0.50000000000
1569783169.58,-0.12857143581,-0.50000000000
1569783169.71,-0.22857142985,-0.50000000000
1569783169.78,-0.40000000596,-0.50000000000
1569783169.91,-0.42857143283,-0.50000000000
1569783169.98,-0.41428571939,-0.50000000000
1569783170.12,-0.41428571939,-0.50000000000
1569783170.17,-0.37142857909,-0.50000000000
1569783170.31,-0.15714286268,-0.50000000000
1569783170.51,-0.02857142873,-0.50000000000
1569783170.51,0.02857142873,-0.50000000000
1569783170.78,0.04285714403,-0.50000000000
1569783170.85,0.02857142873,-0.50000000000
1569783170.85,0.04285714403,-0.50000000000
1569783171.05,0.04285714403,-0.50000000000
1569783171.05,0.04285714403,-0.50000000000
1569783171.11,0.02857142873,-0.50000000000
1569783171.24,0.14285714924,-0.50000000000
1569783171.37,0.15714286268,-0.50000000000
1569783171.44,0.15714286268,-0.50000000000
1569783171.58,0.20000000298,-0.50000000000
1569783171.71,0.21428571641,-0.50000000000
1569783171.78,0.17142857611,-0.50000000000
1569783172.05,0.11428571492,-0.50000000000
1569783172.05,0.11428571492,-0.50000000000
1569783172.11,0.10000000149,-0.50000000000
1569783172.24,0.10000000149,-0.50000000000
1569783172.31,0.08571428806,-0.50000000000
1569783172.37,0.08571428806,-0.42857143283
1569783172.51,0.07142857462,-0.41428571939
1569783172.64,0.05714285746,-0.37142857909
1569783172.71,0.02857142873,-0.24285714328
1569783172.91,0.02857142873,-0.07142857462
1569783172.98,0.01428571437,-0.04285714403
1569783173.04,-0.00000000000,-0.00000000000
1569783173.51,-0.00000000000,-0.00000000000
1569783173.64,-0.00000000000,-0.00000000000
1569783173.77,-0.00000000000,-0.00000000000
1569783173.91,0.02857142873,-0.31428572535
1569783174.04,0.04285714403,-0.30000001192
1569783174.19,0.02857142873,-0.31428572535
1569783174.31,0.02857142873,-0.31428572535
1569783174.44,0.05714285746,-0.21428571641
1569783174.57,-0.00000000000,-0.00000000000
1569783174.71,-0.00000000000,-0.00000000000
1569783174.85,0.07142857462,-0.12857143581
1569783174.98,0.07142857462,-0.34285715222
1569783175.11,0.07142857462,-0.47142857313
1569783175.24,0.07142857462,-0.45714285970
1569783175.37,0.07142857462,-0.48571428657
1569783175.51,0.07142857462,-0.48571428657
1569783175.64,0.07142857462,-0.48571428657
1569783175.78,0.05714285746,-0.50000000000
1569783175.91,0.05714285746,-0.50000000000
1569783176.04,0.05714285746,-0.50000000000
1569783176.18,0.05714285746,-0.50000000000
1569783176.32,0.05714285746,-0.50000000000
1569783176.44,0.04285714403,-0.50000000000
1569783176.58,0.01428571437,-0.50000000000
1569783176.71,-0.07142857462,-0.50000000000
1569783176.84,-0.15714286268,-0.50000000000
1569783176.97,-0.15714286268,-0.50000000000
1569783177.12,-0.12857143581,-0.41428571939
1569783177.24,-0.07142857462,-0.30000001192
1569783177.37,-0.05714285746,-0.30000001192
1569783177.51,-0.05714285746,-0.30000001192
1569783177.64,-0.05714285746,-0.30000001192
1569783177.77,-0.05714285746,-0.30000001192
1569783177.92,-0.12857143581,-0.30000001192
1569783178.04,-0.14285714924,-0.30000001192
1569783178.18,-0.14285714924,-0.30000001192
1569783178.31,-0.22857142985,-0.27142858505
1569783178.44,-0.97142857313,-0.12857143581
1569783178.58,-0.84285712242,-0.11428571492
1569783178.71,-0.87142854929,-0.10000000149
1569783178.86,-0.88571429253,-0.10000000149
1569783178.97,-0.62857145071,-0.15714286268
1569783179.11,-1.00000000000,-0.22857142985
1569783179.24,-1.00000000000,-0.27142858505
1569783179.37,-1.00000000000,-0.27142858505
1569783179.51,-1.00000000000,-0.22857142985
1569783179.65,-1.00000000000,-0.25714287162
1569783179.77,-1.00000000000,-0.44285714626
1569783179.91,-1.00000000000,-0.48571428657
1569783180.04,-1.00000000000,-0.50000000000
1569783180.17,0.18571428955,-0.50000000000
1569783180.31,0.18571428955,-0.50000000000
1569783180.44,0.11428571492,-0.50000000000
1569783180.59,0.11428571492,-0.50000000000
1569783180.71,0.11428571492,-0.47142857313
1569783180.86,0.12857143581,-0.40000000596
1569783180.98,0.12857143581,-0.37142857909
1569783181.11,0.12857143581,-0.35714286566
1569783181.25,0.12857143581,-0.35714286566
1569783181.39,0.12857143581,-0.35714286566
1569783181.51,0.11428571492,-0.40000000596
1569783181.65,0.05714285746,-0.44285714626
1569783181.78,0.05714285746,-0.44285714626
1569783181.91,0.05714285746,-0.45714285970
1569783182.04,0.05714285746,-0.45714285970
1569783182.17,0.05714285746,-0.45714285970
1569783182.31,-0.00000000000,-0.44285714626
1569783182.44,-0.01428571437,-0.42857143283
1569783182.57,-0.04285714403,-0.41428571939
1569783182.71,-0.04285714403,-0.41428571939
1569783182.84,0.07142857462,-0.40000000596
1569783182.97,0.11428571492,-0.40000000596
1569783183.11,0.51428574324,-0.40000000596
1569783183.24,0.52857142687,-0.40000000596
1569783183.37,1.00000000000,-0.34285715222
1569783183.51,1.00000000000,-0.37142857909
1569783183.64,-0.00000000000,-0.00000000000
1569783183.78,0.10000000149,-0.40000000596
1569783183.91,1.00000000000,-0.34285715222
1569783184.04,1.00000000000,-0.34285715222
1569783184.17,0.21428571641,-0.37142857909
1569783184.31,0.69999998808,-0.38571429253
1569783184.44,1.00000000000,-0.34285715222
1569783184.57,1.00000000000,-0.35714286566
1569783198.57,1.00000000000,-0.34285715222
1569783198.70,1.00000000000,-0.34285715222
1569783198.84,0.22857142985,-0.37142857909
1569783198.97,0.17142857611,-0.37142857909
1569783199.11,0.15714286268,-0.37142857909
1569783199.24,0.15714286268,-0.37142857909
1569783199.37,0.12857143581,-0.37142857909
1569783199.50,-0.04285714403,-0.37142857909
1569783199.63,-0.11428571492,-0.37142857909
1569783199.77,-0.15714286268,-0.37142857909
1569783199.90,-0.15714286268,-0.37142857909
1569783200.04,-0.15714286268,-0.37142857909
1569783200.17,-0.14285714924,-0.37142857909
1569783200.30,-0.14285714924,-0.37142857909
1569783200.44,-0.11428571492,-0.37142857909
1569783200.57,-0.11428571492,-0.38571429253
1569783200.72,-0.11428571492,-0.38571429253
1569783200.84,-0.11428571492,-0.38571429253
1569783200.97,-0.11428571492,-0.38571429253
1569783201.11,-0.11428571492,-0.38571429253
1569783201.25,-0.11428571492,-0.38571429253
1569783201.37,-0.11428571492,-0.38571429253
1569783201.50,-0.11428571492,-0.38571429253
1569783201.64,-0.11428571492,-0.38571429253
1569783201.78,-0.11428571492,-0.38571429253
1569783201.91,-0.11428571492,-0.38571429253
1569783202.04,-0.11428571492,-0.38571429253
1569783202.17,-0.11428571492,-0.38571429253
1569783202.30,-0.05714285746,-0.38571429253
1569783202.44,0.02857142873,-0.38571429253
1569783202.57,0.05714285746,-0.38571429253
1569783202.72,0.05714285746,-0.40000000596
1569783202.84,0.08571428806,-0.40000000596
1569783202.97,0.08571428806,-0.40000000596
1569783203.10,0.08571428806,-0.40000000596
1569783203.24,0.08571428806,-0.40000000596
1569783203.38,0.08571428806,-0.40000000596
1569783203.50,0.08571428806,-0.40000000596
1569783203.64,0.08571428806,-0.40000000596
1569783203.77,0.08571428806,-0.40000000596
1569783203.91,0.08571428806,-0.40000000596
1569783204.06,0.08571428806,-0.40000000596
1569783204.17,0.08571428806,-0.40000000596
1569783204.30,0.08571428806,-0.40000000596
1569783204.44,0.08571428806,-0.40000000596
1569783204.57,0.08571428806,-0.40000000596
1569783204.70,0.08571428806,-0.40000000596
1569783204.84,0.08571428806,-0.40000000596
1569783204.98,0.08571428806,-0.40000000596
1569783205.10,0.08571428806,-0.40000000596
1569783205.24,0.08571428806,-0.40000000596
1569783205.38,0.08571428806,-0.40000000596
1569783205.51,0.08571428806,-0.40000000596
1569783205.64,0.08571428806,-0.40000000596
1569783205.77,0.08571428806,-0.40000000596
1569783205.90,0.08571428806,-0.40000000596
1569783206.04,0.08571428806,-0.40000000596
1569783206.17,0.08571428806,-0.40000000596
1569783206.30,0.08571428806,-0.40000000596
1569783206.47,0.08571428806,-0.40000000596
1569783206.60,0.08571428806,-0.40000000596
1569783206.74,0.08571428806,-0.38571429253
1569783206.87,0.08571428806,-0.38571429253
1569783207.01,0.08571428806,-0.38571429253
1569783207.14,0.08571428806,-0.38571429253
1569783207.28,0.08571428806,-0.38571429253
1569783207.40,0.08571428806,-0.38571429253
1569783207.53,0.08571428806,-0.38571429253
1569783207.67,0.08571428806,-0.38571429253
1569783207.83,0.08571428806,-0.38571429253
1569783207.94,0.08571428806,-0.38571429253
1569783208.08,0.08571428806,-0.40000000596
1569783208.20,0.08571428806,-0.41428571939
1569783208.34,0.08571428806,-0.41428571939
1569783208.47,0.08571428806,-0.41428571939
1569783208.60,0.08571428806,-0.41428571939
1569783208.73,0.08571428806,-0.41428571939
1569783208.80,0.08571428806,-0.38571429253
1569783208.94,0.08571428806,-0.38571429253
1569783209.08,0.08571428806,-0.38571429253
1569783209.14,0.08571428806,-0.38571429253
1569783209.27,0.08571428806,-0.38571429253
1569783209.33,0.08571428806,-0.38571429253
1569783209.47,0.08571428806,-0.40000000596
1569783209.54,0.08571428806,-0.41428571939
1569783209.74,0.08571428806,-0.41428571939
1569783209.74,0.08571428806,-0.41428571939
1569783209.87,0.08571428806,-0.41428571939
1569783210.00,0.08571428806,-0.41428571939
1569783210.07,0.08571428806,-0.41428571939
1569783210.20,0.08571428806,-0.41428571939
1569783210.33,0.08571428806,-0.41428571939
1569783210.40,0.08571428806,-0.44285714626
1569783210.54,0.08571428806,-0.45714285970
1569783210.61,0.08571428806,-0.45714285970
1569783210.74,0.08571428806,-0.45714285970
1569783210.88,0.08571428806,-0.45714285970
1569783211.01,0.08571428806,-0.45714285970
1569783211.07,0.08571428806,-0.45714285970
1569783211.13,0.08571428806,-0.45714285970
1569783211.28,0.08571428806,-0.45714285970
1569783211.34,0.08571428806,-0.42857143283
1569783211.47,0.08571428806,-0.41428571939
1569783211.60,0.08571428806,-0.41428571939
1569783211.67,0.08571428806,-0.41428571939
1569783211.80,0.08571428806,-0.41428571939
1569783211.87,0.08571428806,-0.41428571939
1569783212.00,0.08571428806,-0.41428571939
1569783212.14,0.08571428806,-0.42857143283
1569783212.27,0.08571428806,-0.42857143283
1569783212.34,0.08571428806,-0.42857143283
1569783212.40,0.08571428806,-0.42857143283
1569783212.53,0.08571428806,-0.42857143283
1569783212.67,0.08571428806,-0.37142857909
1569783212.73,0.08571428806,-0.37142857909
1569783212.87,0.08571428806,-0.37142857909
1569783212.93,0.08571428806,-0.37142857909
1569783213.07,0.08571428806,-0.38571429253
1569783213.13,0.08571428806,-0.41428571939
1569783213.27,0.08571428806,-0.42857143283
1569783213.40,0.10000000149,-0.42857143283
1569783213.47,0.10000000149,-0.42857143283
1569783213.74,0.10000000149,-0.42857143283
1569783213.74,0.10000000149,-0.42857143283
1569783213.80,0.10000000149,-0.42857143283
1569783213.87,0.10000000149,-0.42857143283
1569783214.00,0.10000000149,-0.41428571939
1569783214.14,0.10000000149,-0.40000000596
1569783214.20,0.10000000149,-0.40000000596
1569783214.33,0.10000000149,-0.40000000596
1569783214.40,0.10000000149,-0.40000000596
1569783214.53,0.10000000149,-0.40000000596
1569783214.60,0.10000000149,-0.40000000596
1569783214.73,0.10000000149,-0.38571429253
1569783214.86,0.10000000149,-0.35714286566
1569783214.93,0.10000000149,-0.35714286566
1569783215.07,0.10000000149,-0.35714286566
1569783215.20,0.10000000149,-0.35714286566
1569783215.27,0.10000000149,-0.32857143879
1569783215.33,0.10000000149,-0.30000001192
1569783215.46,0.10000000149,-0.30000001192
1569783215.61,0.10000000149,-0.30000001192
1569783215.73,0.10000000149,-0.30000001192
1569783215.80,0.10000000149,-0.30000001192
1569783215.94,0.10000000149,-0.35714286566
1569783216.00,0.10000000149,-0.40000000596
1569783216.07,0.07142857462,-0.41428571939
1569783216.20,0.01428571437,-0.45714285970
1569783216.33,-0.04285714403,-0.48571428657
1569783216.40,-0.11428571492,-0.50000000000
1569783216.53,-0.17142857611,-0.50000000000
1569783216.60,-0.20000000298,-0.50000000000
1569783216.73,-0.24285714328,-0.50000000000
1569783216.87,-0.25714287162,-0.50000000000
1569783216.94,-0.34285715222,-0.50000000000
1569783217.06,-0.40000000596,-0.50000000000
1569783217.13,-0.44285714626,-0.50000000000
1569783217.26,-0.78571426868,-0.50000000000
1569783217.40,-1.00000000000,-0.50000000000
1569783217.46,-1.00000000000,-0.50000000000
1569783217.60,-1.00000000000,-0.50000000000
1569783217.66,-1.00000000000,-0.50000000000
1569783217.80,-0.89999997616,-0.50000000000
1569783217.93,-0.47142857313,-0.50000000000
1569783218.01,-0.22857142985,-0.50000000000
1569783218.14,0.05714285746,-0.50000000000
1569783218.20,0.24285714328,-0.50000000000
1569783218.33,0.24285714328,-0.50000000000
1569783218.40,0.24285714328,-0.50000000000
1569783218.54,0.22857142985,-0.50000000000
1569783218.74,0.20000000298,-0.50000000000
1569783218.74,0.05714285746,-0.50000000000
1569783218.80,-0.22857142985,-0.50000000000
1569783218.93,-0.30000001192,-0.50000000000
1569783219.07,-0.32857143879,-0.50000000000
1569783219.14,-0.32857143879,-0.50000000000
1569783219.27,-0.25714287162,-0.50000000000
1569783219.40,-0.00000000000,-0.50000000000
1569783219.47,0.04285714403,-0.50000000000
1569783219.60,0.14285714924,-0.50000000000
1569783219.73,0.25714287162,-0.50000000000
1569783219.80,0.25714287162,-0.50000000000
1569783219.93,0.11428571492,-0.50000000000
1569783220.00,0.02857142873,-0.50000000000
1569783220.14,0.01428571437,-0.50000000000
1569783220.20,-0.00000000000,-0.50000000000
1569783220.34,-0.02857142873,-0.50000000000
1569783220.40,-0.02857142873,-0.50000000000
1569783220.53,0.02857142873,-0.50000000000
1569783220.60,0.07142857462,-0.50000000000
1569783220.73,0.04285714403,-0.50000000000
1569783220.87,-0.01428571437,-0.50000000000
1569783221.00,-0.02857142873,-0.47142857313
1569783221.07,-0.02857142873,-0.47142857313
1569783221.20,-0.02857142873,-0.42857143283
1569783221.27,-0.02857142873,-0.35714286566
1569783221.33,-0.02857142873,-0.35714286566
1569783221.46,-0.02857142873,-0.35714286566
1569783221.53,-0.02857142873,-0.35714286566
1569783221.66,-0.02857142873,-0.35714286566
1569783221.80,-0.02857142873,-0.35714286566
1569783221.94,-0.07142857462,-0.45714285970
1569783222.00,-0.07142857462,-0.48571428657
1569783222.14,-0.07142857462,-0.48571428657
1569783222.20,-0.07142857462,-0.48571428657
1569783222.34,-0.07142857462,-0.48571428657
1569783222.47,-0.05714285746,-0.48571428657
1569783222.53,0.05714285746,-0.12857143581
1569783222.60,0.05714285746,-0.05714285746
1569783222.74,0.05714285746,-0.05714285746
1569783222.87,0.05714285746,-0.05714285746
1569783222.93,0.05714285746,-0.07142857462
1569783223.06,0.05714285746,-0.10000000149
1569783223.13,0.05714285746,-0.10000000149
1569783223.27,0.05714285746,-0.10000000149
1569783223.40,0.05714285746,-0.10000000149
1569783223.46,0.05714285746,-0.12857143581
1569783223.80,0.05714285746,-0.22857142985
1569783223.80,0.05714285746,-0.17142857611
1569783223.80,0.05714285746,-0.28571429849
1569783223.94,0.05714285746,-0.31428572535
1569783224.00,0.05714285746,-0.35714286566
1569783224.14,0.05714285746,-0.38571429253
1569783224.20,0.05714285746,-0.41428571939
1569783224.33,0.05714285746,-0.42857143283
1569783224.40,0.07142857462,-0.48571428657
1569783224.53,0.07142857462,-0.50000000000
1569783224.60,0.08571428806,-0.50000000000
1569783224.73,0.08571428806,-0.50000000000
1569783224.86,0.10000000149,-0.50000000000
1569783225.00,0.10000000149,-0.47142857313
1569783225.06,0.10000000149,-0.47142857313
1569783225.20,0.11428571492,-0.47142857313
1569783225.26,0.12857143581,-0.44285714626
1569783225.41,0.12857143581,-0.44285714626
1569783225.47,0.12857143581,-0.44285714626
1569783225.60,0.12857143581,-0.44285714626
1569783225.66,0.12857143581,-0.44285714626
1569783225.80,0.12857143581,-0.44285714626
1569783225.93,0.12857143581,-0.44285714626
1569783226.00,0.12857143581,-0.44285714626
1569783226.13,0.12857143581,-0.44285714626
1569783226.27,0.12857143581,-0.44285714626
1569783226.33,0.12857143581,-0.44285714626
1569783226.40,0.12857143581,-0.44285714626
1569783226.53,0.05714285746,-0.44285714626
1569783226.67,-0.01428571437,-0.45714285970
1569783226.73,-0.08571428806,-0.47142857313
1569783226.87,-0.08571428806,-0.47142857313
1569783227.00,-0.05714285746,-0.47142857313
1569783227.06,-0.04285714403,-0.47142857313
1569783227.13,0.05714285746,-0.45714285970
1569783227.27,0.14285714924,-0.41428571939
1569783227.40,0.14285714924,-0.38571429253
1569783227.46,0.14285714924,-0.37142857909
1569783227.60,0.14285714924,-0.37142857909
1569783227.73,0.05714285746,-0.37142857909
1569783227.88,-0.04285714403,-0.37142857909
1569783228.01,-0.04285714403,-0.37142857909
1569783228.01,-0.04285714403,-0.37142857909
1569783228.13,-0.04285714403,-0.37142857909
1569783228.27,-0.04285714403,-0.37142857909
1569783228.34,-0.04285714403,-0.37142857909
1569783228.47,-0.04285714403,-0.37142857909
1569783228.53,-0.04285714403,-0.37142857909
1569783228.73,-0.04285714403,-0.38571429253
1569783228.73,-0.04285714403,-0.38571429253
1569783228.86,-0.05714285746,-0.38571429253
1569783228.93,-0.11428571492,-0.40000000596
1569783229.06,-0.11428571492,-0.40000000596
1569783229.20,-0.11428571492,-0.40000000596
1569783229.27,-0.10000000149,-0.40000000596
1569783229.40,-0.08571428806,-0.40000000596
1569783229.47,0.02857142873,-0.40000000596
1569783229.60,0.07142857462,-0.40000000596
1569783229.66,0.07142857462,-0.40000000596
1569783229.80,0.05714285746,-0.40000000596
1569783229.93,0.04285714403,-0.40000000596
1569783230.00,0.04285714403,-0.40000000596
1569783230.14,0.04285714403,-0.40000000596
1569783230.28,0.04285714403,-0.40000000596
1569783230.33,0.04285714403,-0.40000000596
1569783230.46,0.04285714403,-0.40000000596
1569783230.60,0.04285714403,-0.40000000596
1569783230.66,0.04285714403,-0.40000000596
1569783230.81,0.04285714403,-0.40000000596
1569783230.87,0.04285714403,-0.40000000596
1569783231.00,0.04285714403,-0.40000000596
1569783231.06,0.04285714403,-0.40000000596
1569783231.20,0.04285714403,-0.40000000596
1569783231.33,0.04285714403,-0.40000000596
1569783231.46,0.04285714403,-0.40000000596
1569783231.54,0.04285714403,-0.40000000596
1569783231.60,0.04285714403,-0.40000000596
1569783231.73,0.04285714403,-0.40000000596
1569783231.80,0.04285714403,-0.40000000596
1569783231.93,0.04285714403,-0.40000000596
1569783232.07,0.04285714403,-0.40000000596
1569783232.14,0.04285714403,-0.40000000596
1569783232.26,0.02857142873,-0.40000000596
1569783232.40,-0.02857142873,-0.41428571939
1569783232.46,-0.02857142873,-0.41428571939
1569783232.60,-0.02857142873,-0.41428571939
1569783232.73,-0.02857142873,-0.41428571939
1569783232.80,-0.02857142873,-0.41428571939
1569783232.86,-0.02857142873,-0.41428571939
1569783233.00,-0.02857142873,-0.41428571939
1569783233.06,0.01428571437,-0.41428571939
1569783233.20,0.02857142873,-0.41428571939
1569783233.34,0.04285714403,-0.41428571939
1569783233.40,0.07142857462,-0.41428571939
1569783233.53,0.08571428806,-0.41428571939
1569783233.60,0.08571428806,-0.41428571939
1569783233.80,0.08571428806,-0.41428571939
1569783234.20,-0.04285714403,-0.41428571939
1569783234.26,-0.07142857462,-0.41428571939
1569783234.26,0.08571428806,-0.41428571939
1569783234.26,-0.07142857462,-0.41428571939
1569783234.26,-0.01428571437,-0.40000000596
1569783234.46,0.07142857462,-0.38571429253
1569783234.46,0.12857143581,-0.38571429253
1569783234.53,0.12857143581,-0.38571429253
1569783234.66,0.12857143581,-0.38571429253
1569783234.80,0.12857143581,-0.38571429253
1569783234.87,0.12857143581,-0.38571429253
1569783235.01,0.11428571492,-0.38571429253
1569783235.06,0.11428571492,-0.38571429253
1569783235.26,0.11428571492,-0.41428571939
1569783235.34,0.11428571492,-0.41428571939
1569783235.39,0.11428571492,-0.41428571939
1569783235.53,0.07142857462,-0.41428571939
1569783235.60,0.05714285746,-0.41428571939
1569783235.73,-0.01428571437,-0.44285714626
1569783235.80,-0.01428571437,-0.45714285970
1569783235.93,-0.01428571437,-0.45714285970
1569783236.06,-0.01428571437,-0.45714285970
1569783236.13,-0.04285714403,-0.45714285970
1569783236.26,-0.04285714403,-0.45714285970
1569783236.33,0.04285714403,-0.44285714626
1569783236.46,0.10000000149,-0.42857143283
1569783236.60,0.11428571492,-0.42857143283
1569783236.66,0.07142857462,-0.42857143283
1569783236.80,0.07142857462,-0.42857143283
1569783236.86,-0.02857142873,-0.38571429253
1569783237.00,-0.17142857611,-0.35714286566
1569783237.07,-0.17142857611,-0.35714286566
1569783237.19,-0.15714286268,-0.35714286566
1569783237.27,-0.05714285746,-0.32857143879
1569783237.39,-0.00000000000,-0.28571429849
1569783237.54,0.02857142873,-0.28571429849
1569783237.59,0.04285714403,-0.30000001192
1569783237.73,0.04285714403,-0.34285715222
1569783237.87,0.04285714403,-0.37142857909
1569783237.94,0.04285714403,-0.41428571939
1569783238.00,0.04285714403,-0.47142857313
1569783238.13,0.04285714403,-0.48571428657
1569783238.26,0.01428571437,-0.48571428657
1569783238.40,-0.07142857462,-0.48571428657
1569783238.46,-0.12857143581,-0.48571428657
1569783238.53,-0.11428571492,-0.48571428657
1569783238.80,0.02857142873,-0.45714285970
1569783238.80,-0.04285714403,-0.47142857313
1569783238.86,0.08571428806,-0.44285714626
1569783239.01,0.10000000149,-0.44285714626
1569783239.07,0.10000000149,-0.44285714626
1569783239.19,0.07142857462,-0.44285714626
1569783239.26,-0.02857142873,-0.44285714626
1569783239.41,-0.05714285746,-0.42857143283
1569783239.53,-0.05714285746,-0.38571429253
1569783239.66,-0.05714285746,-0.38571429253
1569783239.73,-0.05714285746,-0.37142857909
1569783239.79,0.10000000149,-0.35714286566
1569783239.93,0.15714286268,-0.35714286566
1569783240.06,0.15714286268,-0.35714286566
1569783240.13,0.15714286268,-0.35714286566
1569783240.26,0.14285714924,-0.35714286566
1569783240.33,0.05714285746,-0.37142857909
1569783240.46,0.02857142873,-0.38571429253
1569783240.53,0.02857142873,-0.38571429253
1569783240.74,0.02857142873,-0.38571429253
1569783240.80,0.02857142873,-0.38571429253
1569783240.86,0.02857142873,-0.38571429253
1569783240.99,0.02857142873,-0.38571429253
1569783241.06,0.04285714403,-0.40000000596
1569783241.20,0.05714285746,-0.40000000596
1569783241.26,0.08571428806,-0.40000000596
1569783241.39,0.11428571492,-0.40000000596
1569783241.53,0.11428571492,-0.40000000596
1569783241.60,0.11428571492,-0.40000000596
1569783241.73,0.11428571492,-0.40000000596
1569783241.86,0.11428571492,-0.40000000596
1569783241.93,0.11428571492,-0.40000000596
1569783242.06,0.11428571492,-0.40000000596
1569783242.13,0.11428571492,-0.40000000596
1569783242.26,0.11428571492,-0.40000000596
1569783242.33,0.15714286268,-0.40000000596
1569783242.46,0.18571428955,-0.40000000596
1569783242.53,0.18571428955,-0.40000000596
1569783242.67,0.15714286268,-0.40000000596
1569783242.80,0.15714286268,-0.40000000596
1569783242.93,0.15714286268,-0.40000000596
1569783242.99,0.15714286268,-0.40000000596
1569783243.13,0.15714286268,-0.40000000596
1569783243.20,0.15714286268,-0.40000000596
1569783243.34,0.04285714403,-0.41428571939
1569783243.39,-0.00000000000,-0.41428571939
1569783243.60,-0.00000000000,-0.41428571939
1569783243.79,-0.00000000000,-0.41428571939
1569783243.79,-0.00000000000,-0.41428571939
1569783243.86,0.01428571437,-0.41428571939
1569783243.94,0.01428571437,-0.41428571939
1569783244.06,0.02857142873,-0.41428571939
1569783244.13,0.02857142873,-0.41428571939
1569783244.27,0.02857142873,-0.41428571939
1569783244.39,0.04285714403,-0.41428571939
1569783244.59,0.04285714403,-0.41428571939
1569783244.59,0.04285714403,-0.41428571939
1569783244.73,0.04285714403,-0.41428571939
1569783244.79,0.04285714403,-0.41428571939
1569783244.93,0.04285714403,-0.41428571939
1569783245.07,0.05714285746,-0.41428571939
1569783245.07,0.07142857462,-0.40000000596
1569783245.27,0.07142857462,-0.40000000596
1569783245.39,0.07142857462,-0.40000000596
1569783245.46,0.07142857462,-0.40000000596
1569783245.59,0.07142857462,-0.40000000596
1569783245.72,0.05714285746,-0.40000000596
1569783245.72,0.02857142873,-0.40000000596
1569783245.86,-0.02857142873,-0.42857143283
1569783245.93,-0.05714285746,-0.42857143283
1569783246.06,-0.05714285746,-0.44285714626
1569783246.19,-0.05714285746,-0.44285714626
1569783246.26,-0.14285714924,-0.47142857313
1569783246.39,-0.11428571492,-0.47142857313
1569783246.59,-0.04285714403,-0.47142857313
1569783246.59,0.07142857462,-0.41428571939
1569783246.73,0.14285714924,-0.35714286566
1569783246.79,0.17142857611,-0.34285715222
1569783246.86,0.17142857611,-0.34285715222
1569783246.99,0.17142857611,-0.34285715222
1569783247.06,0.04285714403,-0.35714286566
1569783247.27,-0.04285714403,-0.35714286566
1569783247.33,-0.05714285746,-0.35714286566
1569783247.40,-0.05714285746,-0.35714286566
1569783247.53,-0.05714285746,-0.35714286566
1569783247.66,-0.05714285746,-0.35714286566
1569783247.72,-0.05714285746,-0.35714286566
1569783247.79,-0.05714285746,-0.35714286566
1569783247.92,-0.05714285746,-0.35714286566
1569783248.06,-0.05714285746,-0.35714286566
1569783248.12,-0.07142857462,-0.37142857909
1569783248.33,-0.14285714924,-0.38571429253
1569783248.33,-0.15714286268,-0.42857143283
1569783248.46,-0.15714286268,-0.42857143283
1569783248.59,-0.15714286268,-0.42857143283
1569783248.66,-0.08571428806,-0.42857143283
1569783248.73,-0.07142857462,-0.42857143283
1569783248.86,-0.07142857462,-0.42857143283
1569783249.00,-0.07142857462,-0.42857143283
1569783249.06,-0.07142857462,-0.41428571939
1569783249.19,-0.07142857462,-0.41428571939
1569783249.40,-0.07142857462,-0.41428571939
1569783249.40,-0.07142857462,-0.41428571939
1569783249.53,-0.07142857462,-0.41428571939
1569783249.66,0.01428571437,-0.37142857909
1569783249.73,0.05714285746,-0.35714286566
1569783249.87,0.05714285746,-0.35714286566
1569783250.06,0.05714285746,-0.35714286566
1569783250.06,0.05714285746,-0.35714286566
1569783250.12,0.05714285746,-0.35714286566
1569783250.26,0.05714285746,-0.35714286566
1569783250.33,0.05714285746,-0.35714286566
1569783250.46,0.05714285746,-0.35714286566
1569783250.59,0.05714285746,-0.35714286566
1569783250.80,0.05714285746,-0.35714286566
1569783250.80,0.05714285746,-0.35714286566
1569783250.92,0.05714285746,-0.35714286566
1569783251.13,0.05714285746,-0.35714286566
1569783251.13,0.07142857462,-0.35714286566
1569783251.26,0.14285714924,-0.35714286566
1569783251.26,0.17142857611,-0.34285715222
1569783251.39,0.18571428955,-0.34285715222
1569783251.59,0.20000000298,-0.34285715222
1569783251.59,0.21428571641,-0.34285715222
1569783251.73,0.22857142985,-0.34285715222
1569783251.92,0.25714287162,-0.34285715222
1569783251.92,0.25714287162,-0.37142857909
1569783252.06,0.25714287162,-0.37142857909
1569783252.26,0.32857143879,-0.31428572535
1569783252.26,0.28571429849,-0.37142857909
1569783252.39,0.35714286566,-0.25714287162
1569783252.46,0.35714286566,-0.25714287162
1569783252.60,0.37142857909,-0.25714287162
1569783252.73,0.38571429253,-0.25714287162
1569783252.79,0.38571429253,-0.25714287162
1569783252.86,0.40000000596,-0.25714287162
1569783253.06,0.42857143283,-0.25714287162
1569783253.06,0.42857143283,-0.25714287162
1569783253.19,0.42857143283,-0.25714287162
1569783253.26,0.42857143283,-0.31428572535
1569783253.39,0.42857143283,-0.35714286566
1569783253.60,0.41428571939,-0.37142857909
1569783253.79,0.41428571939,-0.38571429253
1569783253.86,0.41428571939,-0.38571429253
1569783253.86,0.41428571939,-0.38571429253
1569783253.93,0.40000000596,-0.44285714626
1569783253.99,0.38571429253,-0.47142857313
1569783254.12,0.38571429253,-0.47142857313
1569783254.26,0.38571429253,-0.48571428657
1569783254.33,0.38571429253,-0.48571428657
1569783254.39,0.41428571939,-0.45714285970
1569783254.52,0.41428571939,-0.41428571939
1569783254.66,0.41428571939,-0.38571429253
1569783254.73,0.41428571939,-0.34285715222
1569783254.86,0.44285714626,-0.30000001192
1569783254.99,0.57142859697,-0.28571429849
1569783255.06,0.67142856121,-0.27142858505
1569783255.20,0.72857141495,-0.25714287162
1569783255.26,0.80000001192,-0.24285714328
1569783255.39,0.88571429253,-0.22857142985
1569783255.46,0.88571429253,-0.22857142985
1569783255.59,0.88571429253,-0.22857142985
1569783255.72,0.88571429253,-0.22857142985
1569783255.80,0.88571429253,-0.25714287162
1569783255.93,0.88571429253,-0.35714286566
1569783255.99,0.94285714626,-0.35714286566
1569783256.13,1.00000000000,-0.35714286566
1569783256.19,1.00000000000,-0.38571429253
1569783256.32,1.00000000000,-0.45714285970
1569783256.39,1.00000000000,-0.50000000000
1569783256.52,1.00000000000,-0.50000000000
1569783256.66,1.00000000000,-0.50000000000
1569783256.73,1.00000000000,-0.50000000000
1569783256.86,1.00000000000,-0.50000000000
1569783256.92,1.00000000000,-0.50000000000
